t,screen,left_node,left_raw_cm,left_filtered_cm,left_rejected,centre_node,centre_raw_cm,centre_filtered_cm,centre_rejected,right_node,right_raw_cm,right_filtered_cm,right_rejected,active_sensor,active_cm,status,held,bad_readings,grid_x,grid_y,raw_grid_x,raw_grid_y,calibrated,alert_cm,max_cm
35,game,3,,,0,1,,,0,2,,66.44,0,right,66.44,ok,0,0,2,1,2,1,1,10,150
36,game,3,,,0,1,,,0,2,,66.44,0,right,66.44,ok,0,0,2,1,2,1,1,10,150
50,game,3,,,0,1,,,0,2,,66.44,0,right,66.44,ok,0,0,2,1,2,1,1,10,150
61,game,3,,,0,1,,,0,2,,66.44,0,right,66.44,ok,0,0,2,1,2,1,1,10,150
132,game,3,,,0,1,,,0,2,,66.44,0,right,66.44,ok,0,0,2,1,2,1,1,10,150
133,game,3,,,0,1,,,0,2,,66.44,0,right,66.44,ok,0,0,2,1,2,1,1,10,150
151,game,3,,,0,1,,,0,2,,66.44,0,right,66.44,ok,0,0,2,1,2,1,1,10,150
152,game,3,,,0,1,,,0,2,,66.44,0,right,66.44,ok,0,0,2,1,2,1,1,10,150
187,game,3,,,0,1,,,0,2,,66.44,0,right,66.44,ok,0,0,2,1,2,1,1,10,150
190,game,3,,,0,1,,,0,2,,66.44,0,right,66.44,ok,0,0,2,1,2,1,1,10,150
333,game,3,,,0,1,,,0,2,,66.44,0,right,66.44,ok,0,0,2,1,2,1,1,10,150
334,game,3,,,0,1,,,0,2,,66.44,0,right,66.44,ok,0,0,2,1,2,1,1,10,150
353,game,3,,,0,1,,,0,2,,66.44,0,right,66.44,ok,0,0,2,1,2,1,1,10,150
355,game,3,,,0,1,,,0,2,,66.44,0,right,66.44,ok,0,0,2,1,2,1,1,10,150
395,game,3,,,0,1,,,0,2,,,0,,,ok,1,0,2,1,,,1,10,150
396,game,3,,,0,1,,,0,2,,,0,,,ok,1,0,2,1,,,1,10,150
414,game,3,,,0,1,,,0,2,,,0,,,ok,1,0,2,1,,,1,10,150
416,game,3,,,0,1,,,0,2,,,0,,,ok,1,1,2,1,,,1,10,150
541,game,3,,,0,1,,,0,2,,,0,,,ok,1,2,2,1,,,1,10,150
543,game,3,,,0,1,,,0,2,,,0,,,ok,1,2,2,1,,,1,10,150
558,game,3,,,0,1,,,0,2,,,0,,,ok,1,2,2,1,,,1,10,150
565,game,3,,,0,1,,,0,2,,,0,,,ok,1,3,2,1,,,1,10,150
644,game,3,,,0,1,,,0,2,,,0,,,ok,1,4,2,1,,,1,10,150
645,game,3,,,0,1,,,0,2,,,0,,,ok,1,4,2,1,,,1,10,150
659,game,3,,,0,1,,,0,2,,,0,,,ok,1,4,2,1,,,1,10,150
672,game,3,,,0,1,,,0,2,,,0,,,ok,1,5,2,1,,,1,10,150
673,game,3,,,0,1,,,0,2,,,0,,,ok,1,5,2,1,,,1,10,150
749,game,3,,,0,1,,,0,2,,,0,,,ok,1,6,2,1,,,1,10,150
749,game,3,,,0,1,,,0,2,,,0,,,ok,1,6,2,1,,,1,10,150
849,game,3,,,0,1,,,0,2,,,0,,,ok,1,7,2,1,,,1,10,150
850,game,3,,,0,1,,,0,2,,,0,,,ok,1,7,2,1,,,1,10,150
871,game,3,,,0,1,,,0,2,,,0,,,ok,1,8,2,1,,,1,10,150
872,game,3,,,0,1,,,0,2,,,0,,,ok,1,9,2,1,,,1,10,150
872,game,3,,,0,1,,,0,2,,,0,,,ok,1,9,2,1,,,1,10,150
949,game,3,,,0,1,,,0,2,,,0,,,ok,1,10,2,1,,,1,10,150
962,game,3,,,0,1,,,0,2,,,0,,,ok,1,11,2,1,,,1,10,150
963,game,3,,,0,1,,,0,2,,,0,,,ok,1,11,2,1,,,1,10,150
988,game,3,,,0,1,,,0,2,,,0,,,ok,1,11,2,1,,,1,10,150
989,game,3,,,0,1,,,0,2,,,0,,,ok,1,12,2,1,,,1,10,150
1053,game,3,,,0,1,,,0,2,,,0,,,ok,1,13,2,1,,,1,10,150
1054,game,3,,,0,1,,,0,2,,,0,,,ok,1,13,2,1,,,1,10,150
1074,game,3,,,0,1,,,0,2,,,0,,,ok,1,13,2,1,,,1,10,150
1158,game,3,,,0,1,,,0,2,,,0,,,ok,1,14,2,1,,,1,10,150
1160,game,3,,,0,1,,,0,2,,,0,,,ok,1,15,2,1,,,1,10,150
1161,game,3,,,0,1,,,0,2,,,0,,,ok,1,15,2,1,,,1,10,150
1184,game,3,,,0,1,,,0,2,,,0,,,ok,1,15,2,1,,,1,10,150
1259,game,3,,,0,1,,,0,2,,,0,,,ok,1,16,2,1,,,1,10,150
1259,game,3,,,0,1,,,0,2,,,0,,,ok,1,16,2,1,,,1,10,150
1282,game,3,,,0,1,,,0,2,,,0,,,ok,1,16,2,1,,,1,10,150
1360,game,3,,,0,1,,,0,2,,,0,,,ok,1,17,2,1,,,1,10,150
1371,game,3,,,0,1,,,0,2,,,0,,,ok,1,18,2,1,,,1,10,150
1372,game,3,,,0,1,,,0,2,,,0,,,ok,1,18,2,1,,,1,10,150
1390,game,3,,,0,1,,,0,2,,,0,,,ok,1,19,2,1,,,1,10,150
1421,game,3,,,0,1,,,0,2,,,0,,,ok,1,20,2,1,,,1,10,150
1422,game,3,,,0,1,,,0,2,,,0,,,ok,1,20,2,1,,,1,10,150
1595,game,3,,,0,1,,,0,2,,,0,,,ok,1,21,2,1,,,1,10,150
1622,game,3,,,0,1,,,0,2,,,0,,,ok,1,22,2,1,,,1,10,150
1623,game,3,,,0,1,,,0,2,,,0,,,ok,1,22,2,1,,,1,10,150
1644,game,3,,,0,1,,,0,2,,,0,,,ok,1,23,2,1,,,1,10,150
1645,game,3,,,0,1,,,0,2,,,0,,,ok,1,23,2,1,,,1,10,150
1658,game,3,,,0,1,,,0,2,,,0,,,ok,1,23,2,1,,,1,10,150
1667,game,3,,,0,1,,,0,2,,,0,,,ok,1,24,2,1,,,1,10,150
1670,game,3,,,0,1,,,0,2,,,0,,,ok,1,25,2,1,,,1,10,150
1671,game,3,,,0,1,,,0,2,,,0,,,ok,1,25,2,1,,,1,10,150
1693,game,3,,,0,1,,,0,2,,,0,,,ok,1,25,2,1,,,1,10,150
1770,game,3,,,0,1,,,0,2,,,0,,,ok,1,26,2,1,,,1,10,150
1771,game,3,,,0,1,,,0,2,,,0,,,ok,1,27,2,1,,,1,10,150
1772,game,3,,,0,1,,,0,2,,,0,,,ok,1,27,2,1,,,1,10,150
1874,game,3,,,0,1,254.04,,0,2,,,0,,,ok,1,28,2,1,,,1,10,150
1875,game,3,,,0,1,254.04,,0,2,,,0,,,ok,1,28,2,1,,,1,10,150
1888,game,3,,,0,1,254.04,,0,2,,,0,,,ok,1,28,2,1,,,1,10,150
1899,game,3,,,0,1,254.04,,0,2,,,0,,,ok,1,28,2,1,,,1,10,150
1983,game,3,,,0,1,,254.04,0,2,,,0,centre,254.04,ok,1,29,2,1,,,1,10,150
1984,game,3,,,0,1,,254.04,0,2,,,0,centre,254.04,ok,1,29,2,1,,,1,10,150
2004,game,3,,,0,1,,254.04,0,2,,,0,centre,254.04,ok,1,29,2,1,,,1,10,150
2006,game,3,,,0,1,,254.04,0,2,,,0,centre,254.04,ok,1,30,2,1,,,1,10,150
2081,game,3,,,0,1,,254.04,0,2,,,0,centre,254.04,ok,1,31,2,1,,,1,10,150
2090,game,3,,,0,1,221.65,254.04,0,2,,,0,centre,254.04,ok,1,32,2,1,,,1,10,150
2090,game,3,,,0,1,221.65,254.04,0,2,,,0,centre,254.04,ok,1,32,2,1,,,1,10,150
2113,game,3,,,0,1,221.65,254.04,0,2,,,0,centre,254.04,ok,1,32,2,1,,,1,10,150
2183,game,3,,,0,1,221.65,221.65,7,2,,,0,centre,221.65,ok,1,33,2,1,,,1,10,150
2184,game,3,,,0,1,221.65,221.65,7,2,,,0,centre,221.65,ok,1,34,2,1,,,1,10,150
2191,game,3,,,0,1,,221.65,7,2,,,0,centre,221.65,ok,1,35,2,1,,,1,10,150
2281,game,3,,,0,1,,221.65,7,2,,,0,centre,221.65,ok,1,36,2,1,,,1,10,150
2283,game,3,,,0,1,,221.65,7,2,,,0,centre,221.65,ok,1,37,2,1,,,1,10,150
2294,game,3,,,0,1,,221.65,7,2,,,0,centre,221.65,ok,1,38,2,1,,,1,10,150
2295,game,3,,,0,1,,221.65,7,2,,,0,centre,221.65,ok,1,38,2,1,,,1,10,150
2323,game,3,,,0,1,,221.65,7,2,,,0,centre,221.65,ok,1,38,2,1,,,1,10,150
2386,game,3,,,0,1,,221.65,7,2,,,0,centre,221.65,ok,1,39,2,1,,,1,10,150
2388,game,3,,,0,1,,221.65,7,2,,,0,centre,221.65,ok,1,39,2,1,,,1,10,150
2403,game,3,,,0,1,,221.65,7,2,,,0,centre,221.65,ok,1,40,2,1,,,1,10,150
2403,game,3,,,0,1,,221.65,7,2,,,0,centre,221.65,ok,1,40,2,1,,,1,10,150
2488,game,3,,,0,1,187.57,221.65,7,2,,,0,centre,221.65,ok,1,41,2,1,,,1,10,150
2491,game,3,,,0,1,187.57,221.65,7,2,,,0,centre,221.65,ok,1,42,2,1,,,1,10,150
2588,game,3,,,0,1,187.57,187.57,14,2,,,0,centre,187.57,ok,1,43,2,1,,,1,10,150
2590,game,3,,,0,1,187.57,187.57,14,2,,,0,centre,187.57,ok,1,43,2,1,,,1,10,150
2613,game,3,,,0,1,,187.57,14,2,,,0,centre,187.57,ok,1,44,2,1,,,1,10,150
2615,game,3,,,0,1,,187.57,14,2,,,0,centre,187.57,ok,1,45,2,1,,,1,10,150
2694,game,3,,,0,1,,187.57,14,2,,,0,centre,187.57,ok,1,46,2,1,,,1,10,150
2699,game,3,,,0,1,,187.57,14,2,,,0,centre,187.57,ok,1,47,2,1,,,1,10,150
2700,game,3,,,0,1,,187.57,14,2,,,0,centre,187.57,ok,1,47,2,1,,,1,10,150
2724,game,3,,,0,1,,187.57,14,2,,,0,centre,187.57,ok,1,47,2,1,,,1,10,150
2726,game,3,,,0,1,,187.57,14,2,,,0,centre,187.57,ok,1,48,2,1,,,1,10,150
2795,game,3,,,0,1,,187.57,14,2,,,0,centre,187.57,ok,1,49,2,1,,,1,10,150
2796,game,3,,,0,1,,187.57,14,2,,,0,centre,187.57,ok,1,49,2,1,,,1,10,150
2811,game,3,,,0,1,,187.57,14,2,,,0,centre,187.57,ok,1,50,2,1,,,1,10,150
2812,game,3,,,0,1,,187.57,14,2,,,0,centre,187.57,ok,1,50,2,1,,,1,10,150
2898,game,3,,,0,1,,187.57,14,2,,,0,centre,187.57,ok,1,51,2,1,,,1,10,150
2899,game,3,,,0,1,,187.57,14,2,,,0,centre,187.57,ok,1,51,2,1,,,1,10,150
2923,game,3,,,0,1,,187.57,14,2,,,0,centre,187.57,ok,1,51,2,1,,,1,10,150
2998,game,3,,,0,1,,,14,2,,,0,,,ok,1,52,2,1,,,1,10,150
2999,game,3,,,0,1,,,14,2,,,0,,,ok,1,52,2,1,,,1,10,150
3030,game,3,,,0,1,,,14,2,,,0,,,ok,1,52,2,1,,,1,10,150
3101,game,3,,,0,1,,,14,2,,,0,,,ok,1,53,2,1,,,1,10,150
3102,game,3,,,0,1,,,14,2,,,0,,,ok,1,53,2,1,,,1,10,150
3133,game,3,,,0,1,,,14,2,,,0,,,ok,1,53,2,1,,,1,10,150
3134,game,3,,,0,1,,,14,2,,,0,,,ok,1,53,2,1,,,1,10,150
3155,game,3,,,0,1,,,14,2,,,0,,,ok,1,53,2,1,,,1,10,150
3201,game,3,,,0,1,,,14,2,,,0,,,ok,1,54,2,1,,,1,10,150
3202,game,3,,,0,1,,,14,2,,,0,,,ok,1,54,2,1,,,1,10,150
3226,game,3,,,0,1,,,14,2,,,0,,,ok,1,54,2,1,,,1,10,150
3302,game,3,,,0,1,,,14,2,,,0,,,ok,1,55,2,1,,,1,10,150
3318,game,3,,,0,1,,,14,2,,,0,,,ok,1,56,2,1,,,1,10,150
3319,game,3,,,0,1,,,14,2,,,0,,,ok,1,56,2,1,,,1,10,150
3363,game,3,,,0,1,130.39,,14,2,,,0,,,ok,1,57,2,1,,,1,10,150
3365,game,3,,,0,1,130.39,,14,2,,,0,,,ok,1,57,2,1,,,1,10,150
3384,game,3,,,0,1,130.39,,14,2,,,0,,,ok,1,57,2,1,,,1,10,150
3385,game,3,,,0,1,130.39,,14,2,,,0,,,ok,1,57,2,1,,,1,10,150
3510,game,3,,,0,1,130.39,130.39,21,2,,,0,centre,130.39,ok,0,0,2,1,1,2,1,10,150
3511,game,3,,,0,1,130.39,130.39,21,2,,,0,centre,130.39,ok,0,0,2,1,1,2,1,10,150
3532,game,3,,,0,1,130.39,130.39,21,2,,,0,centre,130.39,ok,0,0,2,1,1,2,1,10,150
3533,game,3,,,0,1,,130.39,21,2,,,0,centre,130.39,ok,0,0,2,1,1,2,1,10,150
3615,game,3,,,0,1,,130.39,21,2,,,0,centre,130.39,ok,0,0,2,1,1,2,1,10,150
3616,game,3,,,0,1,,130.39,21,2,,,0,centre,130.39,ok,0,0,2,1,1,2,1,10,150
3631,game,3,,,0,1,,130.39,21,2,,,0,centre,130.39,ok,0,0,2,1,1,2,1,10,150
3643,game,3,,,0,1,,130.39,21,2,,,0,centre,130.39,ok,0,0,2,1,1,2,1,10,150
3713,game,3,,,0,1,,130.39,21,2,,,0,centre,130.39,ok,0,0,2,1,1,2,1,10,150
3724,game,3,,,0,1,,130.39,21,2,,,0,centre,130.39,ok,0,0,2,1,1,2,1,10,150
3725,game,3,,,0,1,,130.39,21,2,,,0,centre,130.39,ok,0,0,2,1,1,2,1,10,150
3819,game,3,,,0,1,,130.39,21,2,,,0,centre,130.39,ok,0,0,2,1,1,2,1,10,150
3820,game,3,,,0,1,,130.39,21,2,,,0,centre,130.39,ok,0,0,2,1,1,2,1,10,150
3839,game,3,,,0,1,,130.39,21,2,,,0,centre,130.39,ok,0,0,2,1,1,2,1,10,150
3840,game,3,,,0,1,,130.39,21,2,,,0,centre,130.39,ok,0,0,2,1,1,2,1,10,150
3852,game,3,,,0,1,,130.39,21,2,,,0,centre,130.39,ok,0,0,2,1,1,2,1,10,150
3921,game,3,,,0,1,,,21,2,,,0,,,ok,1,0,2,1,,,1,10,150
3923,game,3,,,0,1,,,21,2,,,0,,,ok,1,1,2,1,,,1,10,150
3923,game,3,,,0,1,,,21,2,,,0,,,ok,1,1,2,1,,,1,10,150
3951,game,3,,,0,1,,,21,2,,,0,,,ok,1,1,2,1,,,1,10,150
4022,game,3,,,0,1,,,21,2,,,0,,,ok,1,2,2,1,,,1,10,150
4023,game,3,,,0,1,,,21,2,,,0,,,ok,1,3,2,1,,,1,10,150
4026,game,3,,,0,1,,,21,2,,,0,,,ok,1,3,2,1,,,1,10,150
4053,game,3,,,0,1,,,21,2,,,0,,,ok,1,4,2,1,,,1,10,150
4128,game,3,,,0,1,,,21,2,,,0,,,ok,1,5,2,1,,,1,10,150
4227,game,3,,,0,1,,,21,2,,,0,,,ok,1,6,2,1,,,1,10,150
4228,game,3,,,0,1,,,21,2,,,0,,,ok,1,7,2,1,,,1,10,150
4229,game,3,,,0,1,,,21,2,,,0,,,ok,1,7,2,1,,,1,10,150
4273,game,3,,,0,1,,,21,2,,,0,,,ok,1,7,2,1,,,1,10,150
4274,game,3,,,0,1,,,21,2,,,0,,,ok,1,8,2,1,,,1,10,150
4275,game,3,,,0,1,,,21,2,,,0,,,ok,1,8,2,1,,,1,10,150
4328,game,3,,,0,1,,,21,2,,,0,,,ok,1,9,2,1,,,1,10,150
4333,game,3,,,0,1,,,21,2,,,0,,,ok,1,9,2,1,,,1,10,150
4363,game,3,,,0,1,,,21,2,,,0,,,ok,1,9,2,1,,,1,10,150
4364,game,3,,,0,1,,,21,2,,,0,,,ok,1,10,2,1,,,1,10,150
4432,game,3,,,0,1,,,21,2,,,0,,,ok,1,11,2,1,,,1,10,150
4432,game,3,,,0,1,,,21,2,,,0,,,ok,1,11,2,1,,,1,10,150
4451,game,3,,,0,1,,,21,2,,,0,,,ok,1,11,2,1,,,1,10,150
4453,game,3,,,0,1,,,21,2,,,0,,,ok,1,12,2,1,,,1,10,150
4535,game,3,,,0,1,,,21,2,,,0,,,ok,1,13,2,1,,,1,10,150
4545,game,3,,,0,1,,,21,2,,,0,,,ok,1,14,2,1,,,1,10,150
4549,game,3,,,0,1,,,21,2,,,0,,,ok,1,15,2,1,,,1,10,150
4637,game,3,,,0,1,,,21,2,,,0,,,ok,1,16,2,1,,,1,10,150
4642,game,3,,,0,1,,,21,2,,,0,,,ok,1,17,2,1,,,1,10,150
4651,game,3,,,0,1,,,21,2,,,0,,,ok,1,18,2,1,,,1,10,150
4652,game,3,,,0,1,,,21,2,,,0,,,ok,1,18,2,1,,,1,10,150
4739,game,3,,,0,1,,,21,2,,,0,,,ok,1,19,2,1,,,1,10,150
4757,game,3,,,0,1,,,21,2,,,0,,,ok,1,20,2,1,,,1,10,150
4761,game,3,,,0,1,,,21,2,,,0,,,ok,1,21,2,1,,,1,10,150
4762,game,3,,,0,1,,,21,2,,,0,,,ok,1,21,2,1,,,1,10,150
4795,game,3,,,0,1,,,21,2,,,0,,,ok,1,22,2,1,,,1,10,150
4847,game,3,,,0,1,,,21,2,211.29,,0,,,ok,1,23,2,1,,,1,10,150
4969,game,3,,,0,1,,,21,2,59.63,211.29,0,right,211.29,ok,1,24,2,1,,,1,10,150
4973,game,3,243.36,,0,1,,,21,2,,211.29,0,right,211.29,ok,1,24,2,1,,,1,10,150
5807,game,3,243.36,243.36,0,1,,,21,2,,,0,left,243.36,ok,1,25,2,1,,,1,10,150
5811,game,3,,243.36,0,1,,,21,2,,,0,left,243.36,ok,1,25,2,1,,,1,10,150
5884,game,3,,243.36,0,1,,,21,2,,,0,left,243.36,ok,1,25,2,1,,,1,10,150
5908,game,3,,243.36,0,1,,,21,2,,,0,left,243.36,ok,1,25,2,1,,,1,10,150
5933,game,3,,243.36,0,1,,,21,2,,,0,left,243.36,ok,1,25,2,1,,,1,10,150
5944,game,3,,243.36,0,1,,,21,2,,,0,left,243.36,ok,1,25,2,1,,,1,10,150
6065,game,3,,243.36,0,1,,,21,2,,,0,left,243.36,ok,1,25,2,1,,,1,10,150
6083,game,3,,243.36,0,1,,,21,2,,,0,left,243.36,ok,1,25,2,1,,,1,10,150
6198,game,3,,243.36,0,1,,,21,2,,,0,left,243.36,ok,1,25,2,1,,,1,10,150
6221,game,3,,243.36,0,1,,,21,2,,,0,left,243.36,ok,1,25,2,1,,,1,10,150
6244,game,3,,243.36,0,1,,,21,2,,,0,left,243.36,ok,1,25,2,1,,,1,10,150
6247,game,3,,243.36,0,1,,,21,2,,,0,left,243.36,ok,1,25,2,1,,,1,10,150
6250,game,3,,243.36,0,1,,,21,2,,,0,left,243.36,ok,1,25,2,1,,,1,10,150
6275,game,3,,243.36,0,1,,,21,2,,,0,left,243.36,ok,1,25,2,1,,,1,10,150
6308,game,3,,243.36,0,1,,,21,2,,,0,left,243.36,ok,1,25,2,1,,,1,10,150
6313,game,3,,243.36,0,1,,,21,2,,,0,left,243.36,ok,1,25,2,1,,,1,10,150
6315,game,3,,243.36,0,1,,,21,2,,,0,left,243.36,ok,1,25,2,1,,,1,10,150
6420,game,3,,243.36,0,1,,,21,2,,,0,left,243.36,ok,1,25,2,1,,,1,10,150
6460,game,3,,243.36,0,1,,,21,2,,,0,left,243.36,ok,1,25,2,1,,,1,10,150
6465,game,3,,243.36,0,1,,,21,2,,,0,left,243.36,ok,1,25,2,1,,,1,10,150
6468,game,3,,243.36,0,1,,,21,2,,,0,left,243.36,ok,1,25,2,1,,,1,10,150
6502,game,3,,243.36,0,1,,,21,2,,,0,left,243.36,ok,1,25,2,1,,,1,10,150
6548,game,3,,243.36,0,1,,,21,2,,,0,left,243.36,ok,1,25,2,1,,,1,10,150
6550,game,3,,243.36,0,1,,,21,2,,,0,left,243.36,ok,1,25,2,1,,,1,10,150
6554,game,3,,243.36,0,1,,,21,2,,,0,left,243.36,ok,1,25,2,1,,,1,10,150
6582,game,3,,243.36,0,1,,,21,2,,,0,left,243.36,ok,1,25,2,1,,,1,10,150
6583,game,3,,243.36,0,1,,,21,2,,,0,left,243.36,ok,1,25,2,1,,,1,10,150
7227,game,3,,243.36,0,1,,,21,2,,,0,left,243.36,ok,1,25,2,1,,,1,10,150
7232,game,3,,243.36,0,1,,,21,2,,,0,left,243.36,ok,1,25,2,1,,,1,10,150
7235,game,3,,243.36,0,1,,,21,2,,,0,left,243.36,ok,1,25,2,1,,,1,10,150
7296,game,3,,243.36,0,1,,,21,2,,,0,left,243.36,ok,1,25,2,1,,,1,10,150
7301,game,3,,243.36,0,1,,,21,2,,,0,left,243.36,ok,1,25,2,1,,,1,10,150
7303,game,3,,243.36,0,1,,,21,2,,,0,left,243.36,ok,1,25,2,1,,,1,10,150
7375,game,3,,243.36,0,1,,,21,2,,,0,left,243.36,ok,1,25,2,1,,,1,10,150
7378,game,3,,243.36,0,1,,,21,2,,,0,left,243.36,ok,1,25,2,1,,,1,10,150
7417,game,3,,243.36,0,1,,,21,2,,,0,left,243.36,ok,1,25,2,1,,,1,10,150
7426,game,3,,243.36,0,1,,,21,2,,,0,left,243.36,ok,1,25,2,1,,,1,10,150
7444,game,3,,243.36,0,1,,,21,2,105.95,,0,left,243.36,ok,1,25,2,1,,,1,10,150
7465,game,3,,243.36,0,1,,,21,2,,,0,left,243.36,ok,1,25,2,1,,,1,10,150
7496,game,3,,243.36,0,1,,,21,2,,,0,left,243.36,ok,1,25,2,1,,,1,10,150
7552,game,3,,243.36,0,1,,,21,2,,,0,left,243.36,ok,1,25,2,1,,,1,10,150
7555,game,3,,243.36,0,1,,,21,2,,,0,left,243.36,ok,1,25,2,1,,,1,10,150
7558,game,3,,243.36,0,1,,,21,2,,,0,left,243.36,ok,1,25,2,1,,,1,10,150
7603,game,3,172.13,243.36,0,1,,,21,2,,,0,left,243.36,ok,1,25,2,1,,,1,10,150
7607,game,3,,243.36,0,1,,,21,2,,,0,left,243.36,ok,1,25,2,1,,,1,10,150
7609,game,3,,243.36,0,1,,,21,2,,,0,left,243.36,ok,1,25,2,1,,,1,10,150
7658,game,3,,243.36,0,1,,,21,2,,,0,left,243.36,ok,1,25,2,1,,,1,10,150
7660,game,3,,243.36,0,1,,,21,2,,,0,left,243.36,ok,1,25,2,1,,,1,10,150
7703,game,3,,243.36,0,1,,,21,2,,,0,left,243.36,ok,1,25,2,1,,,1,10,150
7706,game,3,,243.36,0,1,,,21,2,,,0,left,243.36,ok,1,25,2,1,,,1,10,150
7708,game,3,,243.36,0,1,,,21,2,,,0,left,243.36,ok,1,25,2,1,,,1,10,150
7761,game,3,,243.36,0,1,,,21,2,,,0,left,243.36,ok,1,25,2,1,,,1,10,150
7765,game,3,,243.36,0,1,,,21,2,,,0,left,243.36,ok,1,25,2,1,,,1,10,150
7803,game,3,,243.36,0,1,,,21,2,,,0,left,243.36,ok,1,25,2,1,,,1,10,150
7807,game,3,,243.36,0,1,,,21,2,,,0,left,243.36,ok,1,25,2,1,,,1,10,150
7816,game,3,,243.36,0,1,,,21,2,,,0,left,243.36,ok,1,25,2,1,,,1,10,150
7861,game,3,,243.36,0,1,,,21,2,,,0,left,243.36,ok,1,25,2,1,,,1,10,150
7865,game,3,,243.36,0,1,,,21,2,,,0,left,243.36,ok,1,25,2,1,,,1,10,150
7918,game,3,,243.36,0,1,,,21,2,,,0,left,243.36,ok,1,25,2,1,,,1,10,150
7925,game,3,,243.36,0,1,,,21,2,,,0,left,243.36,ok,1,25,2,1,,,1,10,150
7928,game,3,,243.36,0,1,,,21,2,,,0,left,243.36,ok,1,25,2,1,,,1,10,150
7970,game,3,,243.36,0,1,126.69,,21,2,,,0,left,243.36,ok,1,25,2,1,,,1,10,150
7974,game,3,,243.36,0,1,,,21,2,,,0,left,243.36,ok,1,25,2,1,,,1,10,150
7982,game,3,,243.36,0,1,,,21,2,244.22,,0,left,243.36,ok,1,25,2,1,,,1,10,150
8036,game,3,,243.36,0,1,,,21,2,71.62,,0,left,243.36,ok,1,25,2,1,,,1,10,150
8080,game,3,,243.36,0,1,,,21,2,71.62,,0,left,243.36,ok,1,25,2,1,,,1,10,150
8144,game,3,,243.36,0,1,,,21,2,71.62,,0,left,243.36,ok,1,25,2,1,,,1,10,150
8173,game,3,,243.36,0,1,,,21,2,,,0,left,243.36,ok,1,25,2,1,,,1,10,150
8412,game,3,,243.36,0,1,,,21,2,,,0,left,243.36,ok,1,25,2,1,,,1,10,150
8416,game,3,,243.36,0,1,,,21,2,,,0,left,243.36,ok,1,25,2,1,,,1,10,150
8419,game,3,,243.36,0,1,,,21,2,,,0,left,243.36,ok,1,25,2,1,,,1,10,150
8455,game,3,,243.36,0,1,,,21,2,,,0,left,243.36,ok,1,25,2,1,,,1,10,150
8457,game,3,,243.36,0,1,,,21,2,,,0,left,243.36,ok,1,25,2,1,,,1,10,150
8493,game,3,,243.36,0,1,,,21,2,,,0,left,243.36,ok,1,25,2,1,,,1,10,150
8496,game,3,,243.36,0,1,,,21,2,,,0,left,243.36,ok,1,25,2,1,,,1,10,150
8498,game,3,,243.36,0,1,,,21,2,,,0,left,243.36,ok,1,25,2,1,,,1,10,150
8529,game,3,,243.36,0,1,,,21,2,,,0,left,243.36,ok,1,25,2,1,,,1,10,150
8531,game,3,,243.36,0,1,,,21,2,,,0,left,243.36,ok,1,25,2,1,,,1,10,150
8550,game,3,,243.36,0,1,,,21,2,,,0,left,243.36,ok,1,25,2,1,,,1,10,150
8664,game,3,,243.36,0,1,,,21,2,,,0,left,243.36,ok,1,25,2,1,,,1,10,150
8666,game,3,,243.36,0,1,,,21,2,,,0,left,243.36,ok,1,25,2,1,,,1,10,150
8792,game,3,,243.36,0,1,,,21,2,,,0,left,243.36,ok,1,25,2,1,,,1,10,150
8795,game,3,,243.36,0,1,,,21,2,,,0,left,243.36,ok,1,25,2,1,,,1,10,150
8797,game,3,,243.36,0,1,,,21,2,,,0,left,243.36,ok,1,25,2,1,,,1,10,150
8830,game,3,,243.36,0,1,,,21,2,,,0,left,243.36,ok,1,25,2,1,,,1,10,150
8831,game,3,,243.36,0,1,,,21,2,,,0,left,243.36,ok,1,25,2,1,,,1,10,150
8860,game,3,,243.36,0,1,,,21,2,,,0,left,243.36,ok,1,25,2,1,,,1,10,150
8862,game,3,,243.36,0,1,,,21,2,,,0,left,243.36,ok,1,25,2,1,,,1,10,150
8863,game,3,,243.36,0,1,,,21,2,,,0,left,243.36,ok,1,25,2,1,,,1,10,150
8923,game,3,,243.36,0,1,,,21,2,,,0,left,243.36,ok,1,25,2,1,,,1,10,150
8924,game,3,,243.36,0,1,,,21,2,,,0,left,243.36,ok,1,25,2,1,,,1,10,150
8927,game,3,,243.36,0,1,,,21,2,107.79,,0,left,243.36,ok,1,25,2,1,,,1,10,150
9045,game,3,,243.36,0,1,,,21,2,107.79,,0,left,243.36,ok,1,25,2,1,,,1,10,150
9047,game,3,,243.36,0,1,,,21,2,107.79,,0,left,243.36,ok,1,25,2,1,,,1,10,150
9081,game,3,,243.36,0,1,,,21,2,107.79,,0,left,243.36,ok,1,25,2,1,,,1,10,150
9084,game,3,,243.36,0,1,,,21,2,107.79,,0,left,243.36,ok,1,25,2,1,,,1,10,150
9086,game,3,,243.36,0,1,,,21,2,107.79,,0,left,243.36,ok,1,25,2,1,,,1,10,150
9115,game,3,,243.36,0,1,,,21,2,,,0,left,243.36,ok,1,25,2,1,,,1,10,150
9116,game,3,,243.36,0,1,,,21,2,,,0,left,243.36,ok,1,25,2,1,,,1,10,150
9269,game,3,,243.36,0,1,,,21,2,,,0,left,243.36,ok,1,25,2,1,,,1,10,150
9275,game,3,,243.36,0,1,,,21,2,,,0,left,243.36,ok,1,25,2,1,,,1,10,150
9279,game,3,,243.36,0,1,,,21,2,80.54,,0,left,243.36,ok,1,25,2,1,,,1,10,150
9323,game,3,,243.36,0,1,,,21,2,,,0,left,243.36,ok,1,25,2,1,,,1,10,150
9341,game,3,,243.36,0,1,,,21,2,,,0,left,243.36,ok,1,25,2,1,,,1,10,150
9409,game,3,,243.36,0,1,,,21,2,,,0,left,243.36,ok,1,25,2,1,,,1,10,150
9415,game,3,,243.36,0,1,,,21,2,,,0,left,243.36,ok,1,25,2,1,,,1,10,150
9419,game,3,,243.36,0,1,,,21,2,,,0,left,243.36,ok,1,25,2,1,,,1,10,150
9472,game,3,,243.36,0,1,,,21,2,,,0,left,243.36,ok,1,25,2,1,,,1,10,150
9515,game,3,,243.36,0,1,,,21,2,,,0,left,243.36,ok,1,25,2,1,,,1,10,150
9519,game,3,,243.36,0,1,,,21,2,,,0,left,243.36,ok,1,25,2,1,,,1,10,150
9551,game,3,,243.36,0,1,,,21,2,,,0,left,243.36,ok,1,25,2,1,,,1,10,150
9556,game,3,,243.36,0,1,,,21,2,,,0,left,243.36,ok,1,25,2,1,,,1,10,150
9588,game,3,,243.36,0,1,,,21,2,,,0,left,243.36,ok,1,25,2,1,,,1,10,150
9591,game,3,,243.36,0,1,,,21,2,64.28,,0,left,243.36,ok,1,25,2,1,,,1,10,150
9593,game,3,,243.36,0,1,,,21,2,,,0,left,243.36,ok,1,25,2,1,,,1,10,150
9627,game,3,,243.36,0,1,,,21,2,,,0,left,243.36,ok,1,25,2,1,,,1,10,150
9629,game,3,,243.36,0,1,,,21,2,,,0,left,243.36,ok,1,25,2,1,,,1,10,150
9683,game,3,,243.36,0,1,,,21,2,,,0,left,243.36,ok,1,25,2,1,,,1,10,150
9700,game,3,,243.36,0,1,,,21,2,,,0,left,243.36,ok,1,25,2,1,,,1,10,150
9702,game,3,,243.36,0,1,,,21,2,,,0,left,243.36,ok,1,25,2,1,,,1,10,150
9781,game,3,,243.36,0,1,,,21,2,,,0,left,243.36,ok,1,25,2,1,,,1,10,150
9792,game,3,,243.36,0,1,,,21,2,,,0,left,243.36,ok,1,25,2,1,,,1,10,150
9825,game,3,,243.36,0,1,,,21,2,,,0,left,243.36,ok,1,25,2,1,,,1,10,150
9834,game,3,,243.36,0,1,,,21,2,,,0,left,243.36,ok,1,25,2,1,,,1,10,150
9838,game,3,,243.36,0,1,,,21,2,,,0,left,243.36,ok,1,25,2,1,,,1,10,150
9893,game,3,,243.36,0,1,,,21,2,186.8,,0,left,243.36,ok,1,25,2,1,,,1,10,150
9895,game,3,,243.36,0,1,,,21,2,186.8,,0,left,243.36,ok,1,25,2,1,,,1,10,150
9924,game,3,,243.36,0,1,,,21,2,186.8,,0,left,243.36,ok,1,25,2,1,,,1,10,150
9927,game,3,,243.36,0,1,,,21,2,,,0,left,243.36,ok,1,25,2,1,,,1,10,150
9933,game,3,,243.36,0,1,,,21,2,,,0,left,243.36,ok,1,25,2,1,,,1,10,150
10006,game,3,,243.36,0,1,,,21,2,,,0,left,243.36,ok,1,25,2,1,,,1,10,150
10008,game,3,,243.36,0,1,,,21,2,,,0,left,243.36,ok,1,25,2,1,,,1,10,150
10011,game,3,,243.36,0,1,,,21,2,,,0,left,243.36,ok,1,25,2,1,,,1,10,150
10059,game,3,,243.36,0,1,,,21,2,,,0,left,243.36,ok,1,25,2,1,,,1,10,150
10061,game,3,,243.36,0,1,,,21,2,,,0,left,243.36,ok,1,25,2,1,,,1,10,150
10107,game,3,,243.36,0,1,,,21,2,,,0,left,243.36,ok,1,25,2,1,,,1,10,150
10112,game,3,,243.36,0,1,,,21,2,,,0,left,243.36,ok,1,25,2,1,,,1,10,150
10114,game,3,,243.36,0,1,,,21,2,,,0,left,243.36,ok,1,25,2,1,,,1,10,150
10169,game,3,,243.36,0,1,,,21,2,69.99,,0,left,243.36,ok,1,25,2,1,,,1,10,150
10182,game,3,,243.36,0,1,,,21,2,69.99,,0,left,243.36,ok,1,25,2,1,,,1,10,150
10196,game,3,,243.36,0,1,,,21,2,69.99,,0,left,243.36,ok,1,25,2,1,,,1,10,150
10277,game,3,,243.36,0,1,,,21,2,,,0,left,243.36,ok,1,25,2,1,,,1,10,150
10286,game,3,,243.36,0,1,,,21,2,,,0,left,243.36,ok,1,25,2,1,,,1,10,150
10288,game,3,,243.36,0,1,,,21,2,,,0,left,243.36,ok,1,25,2,1,,,1,10,150
10354,game,3,220.99,243.36,0,1,,,21,2,,,0,left,243.36,ok,1,25,2,1,,,1,10,150
10460,game,3,220.99,243.36,0,1,,,21,2,,,0,left,243.36,ok,1,25,2,1,,,1,10,150
10462,game,3,,243.36,0,1,,,21,2,,,0,left,243.36,ok,1,25,2,1,,,1,10,150
10493,game,3,,243.36,0,1,,,21,2,,,0,left,243.36,ok,1,25,2,1,,,1,10,150
10494,game,3,,243.36,0,1,,,21,2,,,0,left,243.36,ok,1,25,2,1,,,1,10,150
10526,game,3,,243.36,0,1,,,21,2,,,0,left,243.36,ok,1,25,2,1,,,1,10,150
10529,game,3,,243.36,0,1,,,21,2,,,0,left,243.36,ok,1,25,2,1,,,1,10,150
10530,game,3,,243.36,0,1,,,21,2,,,0,left,243.36,ok,1,25,2,1,,,1,10,150
10560,game,3,,243.36,0,1,,,21,2,,,0,left,243.36,ok,1,25,2,1,,,1,10,150
10562,game,3,,243.36,0,1,,,21,2,,,0,left,243.36,ok,1,25,2,1,,,1,10,150
10596,game,3,,243.36,0,1,,,21,2,227.34,,0,left,243.36,ok,1,25,2,1,,,1,10,150
10598,game,3,,243.36,0,1,,,21,2,227.34,,0,left,243.36,ok,1,25,2,1,,,1,10,150
10599,game,3,,243.36,0,1,,,21,2,,,0,left,243.36,ok,1,25,2,1,,,1,10,150
10625,game,3,,243.36,0,1,,,21,2,,,0,left,243.36,ok,1,25,2,1,,,1,10,150
10661,game,3,,243.36,0,1,,,21,2,,,0,left,243.36,ok,1,25,2,1,,,1,10,150
10798,game,3,,243.36,0,1,,,21,2,,,0,left,243.36,ok,1,25,2,1,,,1,10,150
10800,game,3,,243.36,0,1,,,21,2,,,0,left,243.36,ok,1,25,2,1,,,1,10,150
10835,game,3,,243.36,0,1,,,21,2,,,0,left,243.36,ok,1,25,2,1,,,1,10,150
10837,game,3,,243.36,0,1,,,21,2,,,0,left,243.36,ok,1,25,2,1,,,1,10,150
10863,game,3,,243.36,0,1,,,21,2,210.33,,0,left,243.36,ok,1,25,2,1,,,1,10,150
11013,game,3,,243.36,0,1,,,21,2,,,0,left,243.36,ok,1,25,2,1,,,1,10,150
11015,game,3,163.37,243.36,0,1,,,21,2,,,0,left,243.36,ok,1,25,2,1,,,1,10,150
11051,game,3,163.37,243.36,0,1,,,21,2,,,0,left,243.36,ok,1,25,2,1,,,1,10,150
11053,game,3,163.37,243.36,0,1,,,21,2,,,0,left,243.36,ok,1,25,2,1,,,1,10,150
11085,game,3,,243.36,0,1,,,21,2,,,0,left,243.36,ok,1,25,2,1,,,1,10,150
11106,game,3,,243.36,0,1,,,21,2,,,0,left,243.36,ok,1,25,2,1,,,1,10,150
11107,game,3,,243.36,0,1,,,21,2,,,0,left,243.36,ok,1,25,2,1,,,1,10,150
11297,game,3,239.95,243.36,0,1,,,21,2,,,0,left,243.36,ok,1,25,2,1,,,1,10,150
11299,game,3,239.95,243.36,0,1,,,21,2,,,0,left,243.36,ok,1,25,2,1,,,1,10,150
11318,game,3,239.95,243.36,0,1,,,21,2,,,0,left,243.36,ok,1,25,2,1,,,1,10,150
11320,game,3,239.95,243.36,0,1,,,21,2,,,0,left,243.36,ok,1,25,2,1,,,1,10,150
11321,game,3,,243.36,0,1,,,21,2,,,0,left,243.36,ok,1,25,2,1,,,1,10,150
11349,game,3,,243.36,0,1,,,21,2,,,0,left,243.36,ok,1,25,2,1,,,1,10,150
11350,game,3,,243.36,0,1,,,21,2,,,0,left,243.36,ok,1,25,2,1,,,1,10,150
11386,game,3,,243.36,0,1,,,21,2,,,0,left,243.36,ok,1,25,2,1,,,1,10,150
11407,game,3,,243.36,0,1,,,21,2,,,0,left,243.36,ok,1,25,2,1,,,1,10,150
11409,game,3,,243.36,0,1,,,21,2,,,0,left,243.36,ok,1,25,2,1,,,1,10,150
11439,game,3,,243.36,0,1,,,21,2,,,0,left,243.36,ok,1,25,2,1,,,1,10,150
11441,game,3,,243.36,0,1,,,21,2,,,0,left,243.36,ok,1,25,2,1,,,1,10,150
11479,game,3,,243.36,0,1,,,21,2,,,0,left,243.36,ok,1,25,2,1,,,1,10,150
11481,game,3,,243.36,0,1,,,21,2,,,0,left,243.36,ok,1,25,2,1,,,1,10,150
11482,game,3,,243.36,0,1,,,21,2,,,0,left,243.36,ok,1,25,2,1,,,1,10,150
11507,game,3,,243.36,0,1,,,21,2,,,0,left,243.36,ok,1,25,2,1,,,1,10,150
11508,game,3,187.93,243.36,0,1,,,21,2,,,0,left,243.36,ok,1,25,2,1,,,1,10,150
11538,game,3,187.93,243.36,0,1,,,21,2,,,0,left,243.36,ok,1,25,2,1,,,1,10,150
11540,game,3,187.93,243.36,0,1,,,21,2,,,0,left,243.36,ok,1,25,2,1,,,1,10,150
11541,game,3,187.93,243.36,0,1,,,21,2,,,0,left,243.36,ok,1,25,2,1,,,1,10,150
11569,game,3,,243.36,0,1,,,21,2,151.06,,0,left,243.36,ok,1,25,2,1,,,1,10,150
11571,game,3,,243.36,0,1,,,21,2,,,0,left,243.36,ok,1,25,2,1,,,1,10,150
11603,game,3,,243.36,0,1,,,21,2,,,0,left,243.36,ok,1,25,2,1,,,1,10,150
11604,game,3,,243.36,0,1,,,21,2,,,0,left,243.36,ok,1,25,2,1,,,1,10,150
11606,game,3,,243.36,0,1,,,21,2,,,0,left,243.36,ok,1,25,2,1,,,1,10,150
11634,game,3,,243.36,0,1,253.25,,21,2,,,0,left,243.36,ok,1,25,2,1,,,1,10,150
11639,game,3,,243.36,0,1,,,21,2,,,0,left,243.36,ok,1,25,2,1,,,1,10,150
11667,game,3,,243.36,0,1,,,21,2,,,0,left,243.36,ok,1,25,2,1,,,1,10,150
11669,game,3,,243.36,0,1,,,21,2,,,0,left,243.36,ok,1,25,2,1,,,1,10,150
11670,game,3,,243.36,0,1,,,21,2,,,0,left,243.36,ok,1,25,2,1,,,1,10,150
11697,game,3,,243.36,0,1,,,21,2,,,0,left,243.36,ok,1,25,2,1,,,1,10,150
11698,game,3,,243.36,0,1,,,21,2,,,0,left,243.36,ok,1,25,2,1,,,1,10,150
11731,game,3,,243.36,0,1,,,21,2,,,0,left,243.36,ok,1,25,2,1,,,1,10,150
11733,game,3,,243.36,0,1,,,21,2,,,0,left,243.36,ok,1,25,2,1,,,1,10,150
11735,game,3,,243.36,0,1,,,21,2,,,0,left,243.36,ok,1,25,2,1,,,1,10,150
11754,game,3,,243.36,0,1,,,21,2,,,0,left,243.36,ok,1,25,2,1,,,1,10,150
11779,game,3,,243.36,0,1,,,21,2,,,0,left,243.36,ok,1,25,2,1,,,1,10,150
11812,game,3,,243.36,0,1,,,21,2,,,0,left,243.36,ok,1,25,2,1,,,1,10,150
11815,game,3,,243.36,0,1,,,21,2,,,0,left,243.36,ok,1,25,2,1,,,1,10,150
11817,game,3,,243.36,0,1,,,21,2,,,0,left,243.36,ok,1,25,2,1,,,1,10,150
11844,game,3,,243.36,0,1,,,21,2,,,0,left,243.36,ok,1,25,2,1,,,1,10,150
11845,game,3,,243.36,0,1,,,21,2,,,0,left,243.36,ok,1,25,2,1,,,1,10,150
11871,game,3,,243.36,0,1,,,21,2,,,0,left,243.36,ok,1,25,2,1,,,1,10,150
11873,game,3,,243.36,0,1,,,21,2,,,0,left,243.36,ok,1,25,2,1,,,1,10,150
11875,game,3,,243.36,0,1,,,21,2,,,0,left,243.36,ok,1,25,2,1,,,1,10,150
11904,game,3,,243.36,0,1,,,21,2,,,0,left,243.36,ok,1,25,2,1,,,1,10,150
11906,game,3,,243.36,0,1,,,21,2,,,0,left,243.36,ok,1,25,2,1,,,1,10,150
11932,game,3,,243.36,0,1,,,21,2,,,0,left,243.36,ok,1,25,2,1,,,1,10,150
11934,game,3,,243.36,0,1,,,21,2,,,0,left,243.36,ok,1,25,2,1,,,1,10,150
11936,game,3,,243.36,0,1,,,21,2,,,0,left,243.36,ok,1,25,2,1,,,1,10,150
11967,game,3,,243.36,0,1,,,21,2,,,0,left,243.36,ok,1,25,2,1,,,1,10,150
11968,game,3,,243.36,0,1,,,21,2,,,0,left,243.36,ok,1,25,2,1,,,1,10,150
11996,game,3,,243.36,0,1,,,21,2,214.96,,0,left,243.36,ok,1,25,2,1,,,1,10,150
11998,game,3,,243.36,0,1,,,21,2,214.96,,0,left,243.36,ok,1,25,2,1,,,1,10,150
11999,game,3,,243.36,0,1,,,21,2,,,0,left,243.36,ok,1,25,2,1,,,1,10,150
12028,game,3,,243.36,0,1,,,21,2,,,0,left,243.36,ok,1,25,2,1,,,1,10,150
12029,game,3,,243.36,0,1,,,21,2,,,0,left,243.36,ok,1,25,2,1,,,1,10,150
12058,game,3,,243.36,0,1,,,21,2,,,0,left,243.36,ok,1,25,2,1,,,1,10,150
12060,game,3,,243.36,0,1,,,21,2,,,0,left,243.36,ok,1,25,2,1,,,1,10,150
12061,game,3,,243.36,0,1,,,21,2,,,0,left,243.36,ok,1,25,2,1,,,1,10,150
12092,game,3,,243.36,0,1,,,21,2,,,0,left,243.36,ok,1,25,2,1,,,1,10,150
12100,game,3,,243.36,0,1,,,21,2,,,0,left,243.36,ok,1,25,2,1,,,1,10,150
12219,game,3,,243.36,0,1,,,21,2,,,0,left,243.36,ok,1,25,2,1,,,1,10,150
12221,game,3,,243.36,0,1,,,21,2,,,0,left,243.36,ok,1,25,2,1,,,1,10,150
12223,game,3,,243.36,0,1,,,21,2,,,0,left,243.36,ok,1,25,2,1,,,1,10,150
12250,game,3,,243.36,0,1,,,21,2,,,0,left,243.36,ok,1,25,2,1,,,1,10,150
12251,game,3,,243.36,0,1,,,21,2,,,0,left,243.36,ok,1,25,2,1,,,1,10,150
12277,game,3,,243.36,0,1,,,21,2,,,0,left,243.36,ok,1,25,2,1,,,1,10,150
12278,game,3,,243.36,0,1,,,21,2,,,0,left,243.36,ok,1,25,2,1,,,1,10,150
12280,game,3,,243.36,0,1,,,21,2,,,0,left,243.36,ok,1,25,2,1,,,1,10,150
12330,game,3,,243.36,0,1,,,21,2,,,0,left,243.36,ok,1,25,2,1,,,1,10,150
12332,game,3,,243.36,0,1,,,21,2,,,0,left,243.36,ok,1,25,2,1,,,1,10,150
12333,game,3,,243.36,0,1,,,21,2,,,0,left,243.36,ok,1,25,2,1,,,1,10,150
12363,game,3,,243.36,0,1,,,21,2,,,0,left,243.36,ok,1,25,2,1,,,1,10,150
12365,game,3,,243.36,0,1,,,21,2,46.01,,0,left,243.36,ok,1,25,2,1,,,1,10,150
12390,game,3,,243.36,0,1,,,21,2,46.01,,0,left,243.36,ok,1,25,2,1,,,1,10,150
12392,game,3,,243.36,0,1,,,21,2,46.01,,0,left,243.36,ok,1,25,2,1,,,1,10,150
12394,game,3,,243.36,0,1,,,21,2,46.01,,0,left,243.36,ok,1,25,2,1,,,1,10,150
12425,game,3,,243.36,0,1,,,21,2,46.01,,0,left,243.36,ok,1,25,2,1,,,1,10,150
12427,game,3,,243.36,0,1,,,21,2,,,0,left,243.36,ok,1,25,2,1,,,1,10,150
12447,game,3,,243.36,0,1,,,21,2,,,0,left,243.36,ok,1,25,2,1,,,1,10,150
12448,game,3,,243.36,0,1,,,21,2,,,0,left,243.36,ok,1,25,2,1,,,1,10,150
12449,game,3,,243.36,0,1,,,21,2,,,0,left,243.36,ok,1,25,2,1,,,1,10,150
12476,game,3,,243.36,0,1,,,21,2,,,0,left,243.36,ok,1,25,2,1,,,1,10,150
12504,game,3,,243.36,0,1,,,21,2,,,0,left,243.36,ok,1,25,2,1,,,1,10,150
12506,game,3,,243.36,0,1,,,21,2,,,0,left,243.36,ok,1,25,2,1,,,1,10,150
12507,game,3,,243.36,0,1,,,21,2,,,0,left,243.36,ok,1,25,2,1,,,1,10,150
12543,game,3,,243.36,0,1,,,21,2,,,0,left,243.36,ok,1,25,2,1,,,1,10,150
12544,game,3,,243.36,0,1,,,21,2,,,0,left,243.36,ok,1,25,2,1,,,1,10,150
12571,game,3,,243.36,0,1,,,21,2,,,0,left,243.36,ok,1,25,2,1,,,1,10,150
12574,game,3,,243.36,0,1,,,21,2,,,0,left,243.36,ok,1,25,2,1,,,1,10,150
12575,game,3,,243.36,0,1,,,21,2,,,0,left,243.36,ok,1,25,2,1,,,1,10,150
12604,game,3,,243.36,0,1,,,21,2,,,0,left,243.36,ok,1,25,2,1,,,1,10,150
12606,game,3,,243.36,0,1,,,21,2,,,0,left,243.36,ok,1,25,2,1,,,1,10,150
12632,game,3,219.49,243.36,0,1,,,21,2,,,0,left,243.36,ok,1,25,2,1,,,1,10,150
12633,game,3,219.49,243.36,0,1,,,21,2,,,0,left,243.36,ok,1,25,2,1,,,1,10,150
12635,game,3,219.49,243.36,0,1,,,21,2,,,0,left,243.36,ok,1,25,2,1,,,1,10,150
12660,game,3,,243.36,0,1,,,21,2,111.42,,0,left,243.36,ok,1,25,2,1,,,1,10,150
12691,game,3,,243.36,0,1,,,21,2,,,0,left,243.36,ok,1,25,2,1,,,1,10,150
12694,game,3,,243.36,0,1,,,21,2,,,0,left,243.36,ok,1,25,2,1,,,1,10,150
12696,game,3,,243.36,0,1,,,21,2,,,0,left,243.36,ok,1,25,2,1,,,1,10,150
12729,game,3,,243.36,0,1,,,21,2,,,0,left,243.36,ok,1,25,2,1,,,1,10,150
12730,game,3,,243.36,0,1,,,21,2,,,0,left,243.36,ok,1,25,2,1,,,1,10,150
12762,game,3,,243.36,0,1,,,21,2,,,0,left,243.36,ok,1,25,2,1,,,1,10,150
12765,game,3,,243.36,0,1,,,21,2,,,0,left,243.36,ok,1,25,2,1,,,1,10,150
12773,game,3,,243.36,0,1,,,21,2,,,0,left,243.36,ok,1,25,2,1,,,1,10,150
12802,game,3,,243.36,0,1,,,21,2,,,0,left,243.36,ok,1,25,2,1,,,1,10,150
12803,game,3,,243.36,0,1,,,21,2,,,0,left,243.36,ok,1,25,2,1,,,1,10,150
12835,game,3,,243.36,0,1,,,21,2,,,0,left,243.36,ok,1,25,2,1,,,1,10,150
12836,game,3,,243.36,0,1,,,21,2,,,0,left,243.36,ok,1,25,2,1,,,1,10,150
12838,game,3,,243.36,0,1,,,21,2,,,0,left,243.36,ok,1,25,2,1,,,1,10,150
12865,game,3,,243.36,0,1,,,21,2,,,0,left,243.36,ok,1,25,2,1,,,1,10,150
12878,game,3,,243.36,0,1,144.56,,21,2,,,0,left,243.36,ok,1,25,2,1,,,1,10,150
12906,game,3,,243.36,0,1,144.56,,21,2,,,0,left,243.36,ok,1,25,2,1,,,1,10,150
12907,game,3,,243.36,0,1,144.56,,21,2,80.62,,0,left,243.36,ok,1,25,2,1,,,1,10,150
12908,game,3,,243.36,0,1,144.56,,21,2,192.59,,0,left,243.36,ok,1,25,2,1,,,1,10,150
12943,game,3,,243.36,0,1,144.56,,21,2,192.59,,0,left,243.36,ok,1,25,2,1,,,1,10,150
12944,game,3,,243.36,0,1,,,21,2,,,0,left,243.36,ok,1,25,2,1,,,1,10,150
12975,game,3,,243.36,0,1,,,21,2,,,0,left,243.36,ok,1,25,2,1,,,1,10,150
12978,game,3,,243.36,0,1,211.31,,21,2,,,0,left,243.36,ok,1,25,2,1,,,1,10,150
12979,game,3,,243.36,0,1,211.31,,21,2,,,0,left,243.36,ok,1,25,2,1,,,1,10,150
13195,game,3,,243.36,0,1,211.31,,21,2,,,0,left,243.36,ok,1,25,2,1,,,1,10,150
13198,game,3,,243.36,0,1,,,21,2,,,0,left,243.36,ok,1,25,2,1,,,1,10,150
13199,game,3,,243.36,0,1,,,21,2,,,0,left,243.36,ok,1,25,2,1,,,1,10,150
13226,game,3,,243.36,0,1,,,21,2,,,0,left,243.36,ok,1,25,2,1,,,1,10,150
13227,game,3,,243.36,0,1,,,21,2,,,0,left,243.36,ok,1,25,2,1,,,1,10,150
13232,game,3,,243.36,0,1,,,21,2,,,0,left,243.36,ok,1,25,2,1,,,1,10,150
13246,game,3,,243.36,0,1,,,21,2,,,0,left,243.36,ok,1,25,2,1,,,1,10,150
13279,game,3,,243.36,0,1,,,21,2,,,0,left,243.36,ok,1,25,2,1,,,1,10,150
13287,game,3,,243.36,0,1,,,21,2,,,0,left,243.36,ok,1,25,2,1,,,1,10,150
13288,game,3,,243.36,0,1,,,21,2,,,0,left,243.36,ok,1,25,2,1,,,1,10,150
13310,game,3,,243.36,0,1,,,21,2,,,0,left,243.36,ok,1,25,2,1,,,1,10,150
13312,game,3,,243.36,0,1,,,21,2,,,0,left,243.36,ok,1,25,2,1,,,1,10,150
13328,game,3,,243.36,0,1,,,21,2,,,0,left,243.36,ok,1,25,2,1,,,1,10,150
13338,game,3,255.04,243.36,0,1,,,21,2,,,0,left,243.36,ok,1,25,2,1,,,1,10,150
13365,game,3,255.04,243.36,0,1,,,21,2,,,0,left,243.36,ok,1,25,2,1,,,1,10,150
13367,game,3,255.04,243.36,0,1,,,21,2,,,0,left,243.36,ok,1,25,2,1,,,1,10,150
13368,game,3,255.04,243.36,0,1,,,21,2,,,0,left,243.36,ok,1,25,2,1,,,1,10,150
13449,game,3,255.04,243.36,0,1,,,21,2,,,0,left,243.36,ok,1,25,2,1,,,1,10,150
13457,game,3,,243.36,0,1,,,21,2,,,0,left,243.36,ok,1,25,2,1,,,1,10,150
13460,game,3,,243.36,0,1,,,21,2,,,0,left,243.36,ok,1,25,2,1,,,1,10,150
13690,game,3,,243.36,0,1,,,21,2,,,0,left,243.36,ok,1,25,2,1,,,1,10,150
13691,game,3,,243.36,0,1,,,21,2,,,0,left,243.36,ok,1,25,2,1,,,1,10,150
13721,game,3,,243.36,0,1,,,21,2,,,0,left,243.36,ok,1,25,2,1,,,1,10,150
13724,game,3,,243.36,0,1,,,21,2,,,0,left,243.36,ok,1,25,2,1,,,1,10,150
13725,game,3,,243.36,0,1,,,21,2,,,0,left,243.36,ok,1,25,2,1,,,1,10,150
13768,game,3,,243.36,0,1,,,21,2,,,0,left,243.36,ok,1,25,2,1,,,1,10,150
13770,game,3,,243.36,0,1,,,21,2,,,0,left,243.36,ok,1,25,2,1,,,1,10,150
13771,game,3,,243.36,0,1,,,21,2,,,0,left,243.36,ok,1,25,2,1,,,1,10,150
13794,game,3,,243.36,0,1,,,21,2,,,0,left,243.36,ok,1,25,2,1,,,1,10,150
13828,game,3,,243.36,0,1,,,21,2,,,0,left,243.36,ok,1,25,2,1,,,1,10,150
13831,game,3,,243.36,0,1,,,21,2,,,0,left,243.36,ok,1,25,2,1,,,1,10,150
13833,game,3,,243.36,0,1,,,21,2,,,0,left,243.36,ok,1,25,2,1,,,1,10,150
13881,game,3,,243.36,0,1,,,21,2,,,0,left,243.36,ok,1,25,2,1,,,1,10,150
13887,game,3,,243.36,0,1,,,21,2,,,0,left,243.36,ok,1,25,2,1,,,1,10,150
13888,game,3,,243.36,0,1,,,21,2,,,0,left,243.36,ok,1,25,2,1,,,1,10,150
13916,game,3,,243.36,0,1,,,21,2,,,0,left,243.36,ok,1,25,2,1,,,1,10,150
13918,game,3,,243.36,0,1,,,21,2,,,0,left,243.36,ok,1,25,2,1,,,1,10,150
13954,game,3,,243.36,0,1,,,21,2,,,0,left,243.36,ok,1,25,2,1,,,1,10,150
13955,game,3,,243.36,0,1,,,21,2,,,0,left,243.36,ok,1,25,2,1,,,1,10,150
13956,game,3,,243.36,0,1,,,21,2,,,0,left,243.36,ok,1,25,2,1,,,1,10,150
13980,game,3,,243.36,0,1,,,21,2,,,0,left,243.36,ok,1,25,2,1,,,1,10,150
13982,game,3,,243.36,0,1,,,21,2,,,0,left,243.36,ok,1,25,2,1,,,1,10,150
14013,game,3,,243.36,0,1,,,21,2,,,0,left,243.36,ok,1,25,2,1,,,1,10,150
14061,game,3,,243.36,0,1,,,21,2,,,0,left,243.36,ok,1,25,2,1,,,1,10,150
14062,game,3,,243.36,0,1,,,21,2,,,0,left,243.36,ok,1,25,2,1,,,1,10,150
14082,game,3,,243.36,0,1,,,21,2,104.1,,0,left,243.36,ok,1,25,2,1,,,1,10,150
14083,game,3,,243.36,0,1,,,21,2,104.1,,0,left,243.36,ok,1,25,2,1,,,1,10,150
14112,game,3,,243.36,0,1,,,21,2,104.1,,0,left,243.36,ok,1,25,2,1,,,1,10,150
14237,game,3,,243.36,0,1,,,21,2,,,0,left,243.36,ok,1,25,2,1,,,1,10,150
14238,game,3,,243.36,0,1,,,21,2,,,0,left,243.36,ok,1,25,2,1,,,1,10,150
14262,game,3,,243.36,0,1,206.62,,21,2,,,0,left,243.36,ok,1,25,2,1,,,1,10,150
14264,game,3,,243.36,0,1,206.62,,21,2,,,0,left,243.36,ok,1,25,2,1,,,1,10,150
14290,game,3,,243.36,0,1,206.62,,21,2,,,0,left,243.36,ok,1,25,2,1,,,1,10,150
14292,game,3,,243.36,0,1,,,21,2,,,0,left,243.36,ok,1,25,2,1,,,1,10,150
14293,game,3,,243.36,0,1,,,21,2,,,0,left,243.36,ok,1,25,2,1,,,1,10,150
14366,game,3,,243.36,0,1,,,21,2,,,0,left,243.36,ok,1,25,2,1,,,1,10,150
14368,game,3,,243.36,0,1,,,21,2,,,0,left,243.36,ok,1,25,2,1,,,1,10,150
14376,game,3,,243.36,0,1,,,21,2,,,0,left,243.36,ok,1,25,2,1,,,1,10,150
14405,game,3,,243.36,0,1,,,21,2,,,0,left,243.36,ok,1,25,2,1,,,1,10,150
14419,game,3,,243.36,0,1,,,21,2,90.07,,0,left,243.36,ok,1,25,2,1,,,1,10,150
14441,game,3,230.55,243.36,0,1,,,21,2,90.07,,0,left,243.36,ok,1,25,2,1,,,1,10,150
14443,game,3,230.55,243.36,0,1,,,21,2,90.07,,0,left,243.36,ok,1,25,2,1,,,1,10,150
14492,game,3,,243.36,0,1,,,21,2,,,0,left,243.36,ok,1,25,2,1,,,1,10,150
14517,game,3,,243.36,0,1,,,21,2,,,0,left,243.36,ok,1,25,2,1,,,1,10,150
14518,game,3,,243.36,0,1,,,21,2,,,0,left,243.36,ok,1,25,2,1,,,1,10,150
14577,game,3,,243.36,0,1,,,21,2,,,0,left,243.36,ok,1,25,2,1,,,1,10,150
14671,game,3,,243.36,0,1,,,21,2,,,0,left,243.36,ok,1,25,2,1,,,1,10,150
14672,game,3,,243.36,0,1,,,21,2,,,0,left,243.36,ok,1,25,2,1,,,1,10,150
14688,game,3,,243.36,0,1,,,21,2,,,0,left,243.36,ok,1,25,2,1,,,1,10,150
14689,game,3,,243.36,0,1,,,21,2,,,0,left,243.36,ok,1,25,2,1,,,1,10,150
14715,game,3,,243.36,0,1,,,21,2,,,0,left,243.36,ok,1,25,2,1,,,1,10,150
14772,game,3,,243.36,0,1,,,21,2,,,0,left,243.36,ok,1,25,2,1,,,1,10,150
14776,game,3,,243.36,0,1,,,21,2,44.92,,0,left,243.36,ok,1,25,2,1,,,1,10,150
14810,game,3,,243.36,0,1,,,21,2,44.92,,0,left,243.36,ok,1,25,2,1,,,1,10,150
14883,game,3,,243.36,0,1,,,21,2,44.92,,0,left,243.36,ok,1,25,2,1,,,1,10,150
14886,game,3,223.52,243.36,0,1,,,21,2,44.92,,0,left,243.36,ok,1,25,2,1,,,1,10,150
14921,game,3,223.52,243.36,0,1,,,21,2,,,0,left,243.36,ok,1,25,2,1,,,1,10,150
14940,game,3,223.52,243.36,0,1,,,21,2,,,0,left,243.36,ok,1,25,2,1,,,1,10,150
14942,game,3,223.52,243.36,0,1,,,21,2,,,0,left,243.36,ok,1,25,2,1,,,1,10,150
15079,game,3,,243.36,0,1,,,21,2,,,0,left,243.36,ok,1,25,2,1,,,1,10,150
15083,game,3,,243.36,0,1,,,21,2,238.73,,0,left,243.36,ok,1,25,2,1,,,1,10,150
15115,game,3,,243.36,0,1,,,21,2,238.73,,0,left,243.36,ok,1,25,2,1,,,1,10,150
15116,game,3,,243.36,0,1,,,21,2,238.73,,0,left,243.36,ok,1,25,2,1,,,1,10,150
15118,game,3,,243.36,0,1,,,21,2,125.42,,0,left,243.36,ok,1,25,2,1,,,1,10,150
15146,game,3,,243.36,0,1,,,21,2,,,0,left,243.36,ok,1,25,2,1,,,1,10,150
15148,game,3,,243.36,0,1,,,21,2,,,0,left,243.36,ok,1,25,2,1,,,1,10,150
15265,game,3,,243.36,0,1,,,21,2,,,0,left,243.36,ok,1,25,2,1,,,1,10,150
15267,game,3,,243.36,0,1,,,21,2,,,0,left,243.36,ok,1,25,2,1,,,1,10,150
15268,game,3,,243.36,0,1,,,21,2,,,0,left,243.36,ok,1,25,2,1,,,1,10,150
15299,game,3,,243.36,0,1,,,21,2,,,0,left,243.36,ok,1,25,2,1,,,1,10,150
15300,game,3,,243.36,0,1,,,21,2,,,0,left,243.36,ok,1,25,2,1,,,1,10,150
15337,game,3,,243.36,0,1,,,21,2,,,0,left,243.36,ok,1,25,2,1,,,1,10,150
15340,game,3,,243.36,0,1,,,21,2,,,0,left,243.36,ok,1,25,2,1,,,1,10,150
15341,game,3,,243.36,0,1,,,21,2,,,0,left,243.36,ok,1,25,2,1,,,1,10,150
15389,game,3,,243.36,0,1,,,21,2,,,0,left,243.36,ok,1,25,2,1,,,1,10,150
15390,game,3,,243.36,0,1,,,21,2,,,0,left,243.36,ok,1,25,2,1,,,1,10,150
15424,game,3,,243.36,0,1,,,21,2,,,0,left,243.36,ok,1,25,2,1,,,1,10,150
15490,game,3,,243.36,0,1,,,21,2,178.72,,0,left,243.36,ok,1,25,2,1,,,1,10,150
15492,game,3,,243.36,0,1,,,21,2,,,0,left,243.36,ok,1,25,2,1,,,1,10,150
15511,game,3,,243.36,0,1,,,21,2,,,0,left,243.36,ok,1,25,2,1,,,1,10,150
15512,game,3,,243.36,0,1,,,21,2,,,0,left,243.36,ok,1,25,2,1,,,1,10,150
15646,game,3,,243.36,0,1,,,21,2,,,0,left,243.36,ok,1,25,2,1,,,1,10,150
15647,game,3,,243.36,0,1,,,21,2,,,0,left,243.36,ok,1,25,2,1,,,1,10,150
15648,game,3,,243.36,0,1,,,21,2,,,0,left,243.36,ok,1,25,2,1,,,1,10,150
15710,game,3,173.52,,0,1,,,21,2,166.89,,0,,,no-signal,0,26,,,,,1,10,150
15719,game,3,173.52,173.52,0,1,,,21,2,166.89,166.89,0,right,166.89,out-of-bounds,0,27,,,,,1,10,150
15720,game,3,173.52,173.52,0,1,,,21,2,166.89,166.89,0,right,166.89,out-of-bounds,0,28,,,,,1,10,150
15721,game,3,173.52,173.52,0,1,,,21,2,166.89,166.89,0,right,166.89,out-of-bounds,0,28,,,,,1,10,150
15747,game,3,173.52,173.52,0,1,,,21,2,166.89,166.89,0,right,166.89,out-of-bounds,0,28,,,,,1,10,150
15748,game,3,173.52,173.52,0,1,,,21,2,135.12,166.89,0,right,166.89,out-of-bounds,0,28,,,,,1,10,150
15797,game,3,173.52,173.52,0,1,,,21,2,,166.89,5,right,166.89,out-of-bounds,0,29,,,,,1,10,150
15802,game,3,173.52,173.52,0,1,,,21,2,,166.89,5,right,166.89,out-of-bounds,0,29,,,,,1,10,150
15899,game,3,,173.52,0,1,,,21,2,,166.89,5,right,166.89,out-of-bounds,0,30,,,,,1,10,150
15900,game,3,,173.52,0,1,,,21,2,,166.89,5,right,166.89,out-of-bounds,0,30,,,,,1,10,150
15919,game,3,,173.52,0,1,,,21,2,,166.89,5,right,166.89,out-of-bounds,0,30,,,,,1,10,150
15921,game,3,,173.52,0,1,,,21,2,,166.89,5,right,166.89,out-of-bounds,0,31,,,,,1,10,150
16003,game,3,,173.52,0,1,,,21,2,,166.89,5,right,166.89,out-of-bounds,0,32,,,,,1,10,150
16004,game,3,,173.52,0,1,,,21,2,,166.89,5,right,166.89,out-of-bounds,0,32,,,,,1,10,150
16021,game,3,,173.52,0,1,,,21,2,,166.89,5,right,166.89,out-of-bounds,0,32,,,,,1,10,150
16039,game,3,,173.52,0,1,,,21,2,,166.89,5,right,166.89,out-of-bounds,0,32,,,,,1,10,150
16106,game,3,,173.52,0,1,,,21,2,60.81,,5,left,173.52,out-of-bounds,0,33,,,,,1,10,150
16107,game,3,,173.52,0,1,,,21,2,,,5,left,173.52,out-of-bounds,0,33,,,,,1,10,150
16134,game,3,,173.52,0,1,,,21,2,,,5,left,173.52,out-of-bounds,0,33,,,,,1,10,150
16152,game,3,,173.52,0,1,,,21,2,,,5,left,173.52,out-of-bounds,0,33,,,,,1,10,150
16153,game,3,,173.52,0,1,,,21,2,,,5,left,173.52,out-of-bounds,0,33,,,,,1,10,150
16206,game,3,,173.52,0,1,,,21,2,,,5,left,173.52,out-of-bounds,0,34,,,,,1,10,150
16310,game,3,,,0,1,,,21,2,,,5,,,no-signal,0,35,,,,,1,10,150
16310,game,3,,,0,1,,,21,2,,,5,,,no-signal,0,35,,,,,1,10,150
16332,game,3,,,0,1,,,21,2,,,5,,,no-signal,0,35,,,,,1,10,150
16334,game,3,,,0,1,,,21,2,,,5,,,no-signal,0,36,,,,,1,10,150
16335,game,3,,,0,1,,,21,2,,,5,,,no-signal,0,36,,,,,1,10,150
16355,game,3,,,0,1,,,21,2,,,5,,,no-signal,0,36,,,,,1,10,150
16411,game,3,,,0,1,,,21,2,,,5,,,no-signal,0,37,,,,,1,10,150
16412,game,3,,,0,1,,,21,2,,,5,,,no-signal,0,37,,,,,1,10,150
16451,game,3,,,0,1,,,21,2,,,5,,,no-signal,0,37,,,,,1,10,150
16452,game,3,,,0,1,,,21,2,,,5,,,no-signal,0,38,,,,,1,10,150
16514,game,3,,,0,1,,,21,2,,,5,,,no-signal,0,39,,,,,1,10,150
16515,game,3,,,0,1,,,21,2,,,5,,,no-signal,0,39,,,,,1,10,150
16530,game,3,,,0,1,,,21,2,,,5,,,no-signal,0,39,,,,,1,10,150
16616,game,3,,,0,1,,,21,2,,,5,,,no-signal,0,40,,,,,1,10,150
16617,game,3,,,0,1,,,21,2,,,5,,,no-signal,0,40,,,,,1,10,150
16639,game,3,,,0,1,,,21,2,,,5,,,no-signal,0,40,,,,,1,10,150
16718,game,3,,,0,1,,,21,2,,,5,,,no-signal,0,41,,,,,1,10,150
16719,game,3,,,0,1,,,21,2,,,5,,,no-signal,0,41,,,,,1,10,150
16746,game,3,,,0,1,,,21,2,,,5,,,no-signal,0,41,,,,,1,10,150
16748,game,3,,,0,1,,,21,2,,,5,,,no-signal,0,42,,,,,1,10,150
16749,game,3,,,0,1,,,21,2,,,5,,,no-signal,0,42,,,,,1,10,150
16773,game,3,,,0,1,,,21,2,,,5,,,no-signal,0,42,,,,,1,10,150
16823,game,3,,,0,1,,,21,2,,,5,,,no-signal,0,43,,,,,1,10,150
16824,game,3,,,0,1,,,21,2,,,5,,,no-signal,0,43,,,,,1,10,150
16923,game,3,,,0,1,,,21,2,,,5,,,no-signal,0,44,,,,,1,10,150
16924,game,3,,,0,1,,,21,2,,,5,,,no-signal,0,44,,,,,1,10,150
16938,game,3,,,0,1,,,21,2,,,5,,,no-signal,0,45,,,,,1,10,150
16938,game,3,,,0,1,,,21,2,,,5,,,no-signal,0,45,,,,,1,10,150
16963,game,3,,,0,1,,,21,2,62.63,,5,,,no-signal,0,45,,,,,1,10,150
16964,game,3,,,0,1,,,21,2,62.63,,5,,,no-signal,0,45,,,,,1,10,150
17031,game,3,,,0,1,,,21,2,,62.63,12,right,62.63,ok,0,0,2,1,2,1,1,10,150
17037,game,3,,,0,1,,,21,2,,62.63,12,right,62.63,ok,0,0,2,1,2,1,1,10,150
17129,game,3,,,0,1,,,21,2,,62.63,12,right,62.63,ok,0,0,2,1,2,1,1,10,150
17130,game,3,,,0,1,,,21,2,,62.63,12,right,62.63,ok,0,0,2,1,2,1,1,10,150
17147,game,3,,,0,1,,,21,2,,62.63,12,right,62.63,ok,0,0,2,1,2,1,1,10,150
17149,game,3,,,0,1,,,21,2,,62.63,12,right,62.63,ok,0,0,2,1,2,1,1,10,150
17231,game,3,,,0,1,,,21,2,,62.63,12,right,62.63,ok,0,0,2,1,2,1,1,10,150
17232,game,3,,,0,1,,,21,2,,62.63,12,right,62.63,ok,0,0,2,1,2,1,1,10,150
17243,game,3,,,0,1,,,21,2,,62.63,12,right,62.63,ok,0,0,2,1,2,1,1,10,150
17249,game,3,,,0,1,,,21,2,,62.63,12,right,62.63,ok,0,0,2,1,2,1,1,10,150
17332,game,3,,,0,1,,,21,2,,62.63,12,right,62.63,ok,0,0,2,1,2,1,1,10,150
17337,game,3,,,0,1,,,21,2,,62.63,12,right,62.63,ok,0,0,2,1,2,1,1,10,150
17338,game,3,,,0,1,,,21,2,,62.63,12,right,62.63,ok,0,0,2,1,2,1,1,10,150
17358,game,3,,,0,1,,,21,2,,62.63,12,right,62.63,ok,0,0,2,1,2,1,1,10,150
17389,game,3,,,0,1,,,21,2,236.1,,12,,,ok,1,0,2,1,,,1,10,150
17394,game,3,,,0,1,,,21,2,236.1,,13,,,ok,1,1,2,1,,,1,10,150
17537,game,3,,,0,1,,,21,2,,236.1,19,right,236.1,ok,1,2,2,1,,,1,10,150
17538,game,3,,,0,1,,,21,2,,236.1,19,right,236.1,ok,1,2,2,1,,,1,10,150
17551,game,3,,,0,1,,,21,2,,236.1,19,right,236.1,ok,1,3,2,1,,,1,10,150
17552,game,3,,,0,1,,,21,2,,236.1,19,right,236.1,ok,1,4,2,1,,,1,10,150
17552,game,3,,,0,1,,,21,2,,236.1,19,right,236.1,ok,1,4,2,1,,,1,10,150
17584,game,3,,,0,1,,,21,2,,236.1,19,right,236.1,ok,1,4,2,1,,,1,10,150
17640,game,3,,,0,1,,,21,2,,236.1,19,right,236.1,ok,1,5,2,1,,,1,10,150
17645,game,3,189.76,,0,1,,,21,2,,236.1,19,right,236.1,ok,1,6,2,1,,,1,10,150
17646,game,3,189.76,,0,1,,,21,2,,236.1,19,right,236.1,ok,1,6,2,1,,,1,10,150
17743,game,3,,189.76,0,1,,,21,2,,236.1,19,left,189.76,ok,1,7,2,1,,,1,10,150
17743,game,3,,189.76,0,1,,,21,2,,236.1,19,left,189.76,ok,1,7,2,1,,,1,10,150
17756,game,3,,189.76,0,1,,,21,2,,236.1,19,left,189.76,ok,1,8,2,1,,,1,10,150
17758,game,3,,189.76,0,1,,,21,2,,236.1,19,left,189.76,ok,1,9,2,1,,,1,10,150
17847,game,3,,189.76,0,1,,,21,2,,236.1,19,left,189.76,ok,1,10,2,1,,,1,10,150
17848,game,3,,189.76,0,1,,,21,2,,236.1,19,left,189.76,ok,1,10,2,1,,,1,10,150
17861,game,3,,189.76,0,1,,,21,2,,236.1,19,left,189.76,ok,1,11,2,1,,,1,10,150
17862,game,3,,189.76,0,1,,,21,2,,236.1,19,left,189.76,ok,1,12,2,1,,,1,10,150
17952,game,3,,189.76,0,1,,,21,2,,,19,left,189.76,ok,1,13,2,1,,,1,10,150
17956,game,3,,189.76,0,1,,,21,2,,,19,left,189.76,ok,1,14,2,1,,,1,10,150
17957,game,3,,189.76,0,1,,,21,2,,,19,left,189.76,ok,1,14,2,1,,,1,10,150
18050,game,3,,189.76,0,1,,,21,2,,,19,left,189.76,ok,1,15,2,1,,,1,10,150
18052,game,3,,189.76,0,1,,,21,2,,,19,left,189.76,ok,1,16,2,1,,,1,10,150
18052,game,3,,189.76,0,1,,,21,2,,,19,left,189.76,ok,1,16,2,1,,,1,10,150
18087,game,3,,189.76,0,1,,,21,2,,,19,left,189.76,ok,1,16,2,1,,,1,10,150
18153,game,3,,,0,1,248.11,,21,2,,,19,,,ok,1,17,2,1,,,1,10,150
18154,game,3,,,0,1,248.11,,21,2,,,19,,,ok,1,17,2,1,,,1,10,150
18182,game,3,,,0,1,248.11,,21,2,,,19,,,ok,1,17,2,1,,,1,10,150
18198,game,3,,,0,1,248.11,,21,2,,,19,,,ok,1,17,2,1,,,1,10,150
18199,game,3,,,0,1,248.11,,21,2,,,19,,,ok,1,17,2,1,,,1,10,150
18255,game,3,,,0,1,,248.11,21,2,,,19,centre,248.11,ok,1,18,2,1,,,1,10,150
18256,game,3,,,0,1,,248.11,21,2,,,19,centre,248.11,ok,1,18,2,1,,,1,10,150
18272,game,3,,,0,1,,248.11,21,2,,,19,centre,248.11,ok,1,18,2,1,,,1,10,150
18358,game,3,,,0,1,,248.11,21,2,,,19,centre,248.11,ok,1,19,2,1,,,1,10,150
18359,game,3,,,0,1,,248.11,21,2,,,19,centre,248.11,ok,1,19,2,1,,,1,10,150
18377,game,3,,,0,1,,248.11,21,2,,,19,centre,248.11,ok,1,19,2,1,,,1,10,150
18378,game,3,,,0,1,,248.11,21,2,,,19,centre,248.11,ok,1,20,2,1,,,1,10,150
18460,game,3,,,0,1,251.97,248.11,21,2,45.55,,19,centre,248.11,ok,1,21,2,1,,,1,10,150
18462,game,3,,,0,1,251.97,248.11,21,2,,,19,centre,248.11,ok,1,21,2,1,,,1,10,150
18482,game,3,,,0,1,251.97,248.11,21,2,,,19,centre,248.11,ok,1,22,2,1,,,1,10,150
18483,game,3,,,0,1,251.97,248.11,21,2,,,19,centre,248.11,ok,1,23,2,1,,,1,10,150
18562,game,3,,,0,1,,251.97,21,2,,,19,centre,251.97,ok,1,24,2,1,,,1,10,150
18564,game,3,,,0,1,,251.97,21,2,,,19,centre,251.97,ok,1,25,2,1,,,1,10,150
18565,game,3,,,0,1,,251.97,21,2,,,19,centre,251.97,ok,1,25,2,1,,,1,10,150
18665,game,3,,,0,1,,251.97,21,2,,,19,centre,251.97,ok,1,26,2,1,,,1,10,150
18666,game,3,,,0,1,,251.97,21,2,,,19,centre,251.97,ok,1,26,2,1,,,1,10,150
18686,game,3,,,0,1,,251.97,21,2,,,19,centre,251.97,ok,1,27,2,1,,,1,10,150
18687,game,3,,,0,1,,251.97,21,2,80.57,,19,centre,251.97,ok,1,28,2,1,,,1,10,150
18688,game,3,,,0,1,,251.97,21,2,80.57,,19,centre,251.97,ok,1,28,2,1,,,1,10,150
18769,game,3,,,0,1,,251.97,21,2,80.57,80.57,26,right,80.57,ok,0,0,2,1,2,1,1,10,150
18770,game,3,,,0,1,,251.97,21,2,80.57,80.57,26,right,80.57,ok,0,0,2,1,2,1,1,10,150
18771,game,3,,,0,1,,251.97,21,2,80.57,80.57,26,right,80.57,ok,0,0,2,1,2,1,1,10,150
18873,game,3,,,0,1,,251.97,21,2,,80.57,26,right,80.57,ok,0,0,2,1,2,1,1,10,150
18874,game,3,,,0,1,,251.97,21,2,,80.57,26,right,80.57,ok,0,0,2,1,2,1,1,10,150
18875,game,3,,,0,1,,251.97,21,2,,80.57,26,right,80.57,ok,0,0,2,1,2,1,1,10,150
18897,game,3,,,0,1,,251.97,21,2,,80.57,26,right,80.57,ok,0,0,2,1,2,1,1,10,150
18974,game,3,,,0,1,,,21,2,,80.57,26,right,80.57,ok,0,0,2,1,2,1,1,10,150
18976,game,3,,,0,1,,,21,2,,80.57,26,right,80.57,ok,0,0,2,1,2,1,1,10,150
18976,game,3,,,0,1,,,21,2,,80.57,26,right,80.57,ok,0,0,2,1,2,1,1,10,150
18995,game,3,,,0,1,,,21,2,,80.57,26,right,80.57,ok,0,0,2,1,2,1,1,10,150
19075,game,3,,,0,1,,,21,2,,80.57,26,right,80.57,ok,0,0,2,1,2,1,1,10,150
19077,game,3,,,0,1,,,21,2,,80.57,26,right,80.57,ok,0,0,2,1,2,1,1,10,150
19129,game,3,,,0,1,,,21,2,237.85,80.57,26,right,80.57,ok,0,0,2,1,2,1,1,10,150
19130,game,3,,,0,1,,,21,2,237.85,80.57,26,right,80.57,ok,0,0,2,1,2,1,1,10,150
19144,game,3,,,0,1,,,21,2,237.85,80.57,27,right,80.57,ok,0,0,2,1,2,1,1,10,150
19232,game,3,,,0,1,,,21,2,,237.85,33,right,237.85,ok,1,0,2,1,,,1,10,150
19233,game,3,,,0,1,,,21,2,,237.85,33,right,237.85,ok,1,0,2,1,,,1,10,150
19246,game,3,,,0,1,,,21,2,,237.85,33,right,237.85,ok,1,0,2,1,,,1,10,150
19258,game,3,,,0,1,,,21,2,,237.85,33,right,237.85,ok,1,1,2,1,,,1,10,150
19259,game,3,,,0,1,,,21,2,,237.85,33,right,237.85,ok,1,1,2,1,,,1,10,150
19325,game,3,,,0,1,,,21,2,,237.85,33,right,237.85,ok,1,2,2,1,,,1,10,150
19326,game,3,,,0,1,,,21,2,,237.85,33,right,237.85,ok,1,2,2,1,,,1,10,150
19347,game,3,,,0,1,,,21,2,,237.85,33,right,237.85,ok,1,2,2,1,,,1,10,150
19349,game,3,,,0,1,,,21,2,,237.85,33,right,237.85,ok,1,3,2,1,,,1,10,150
19420,game,3,,,0,1,,,21,2,,237.85,33,right,237.85,ok,1,4,2,1,,,1,10,150
19424,game,3,,,0,1,,,21,2,,237.85,33,right,237.85,ok,1,5,2,1,,,1,10,150
19425,game,3,,,0,1,,,21,2,,237.85,33,right,237.85,ok,1,5,2,1,,,1,10,150
19491,game,3,,,0,1,,,21,2,,237.85,33,right,237.85,ok,1,6,2,1,,,1,10,150
19496,game,3,,,0,1,,,21,2,,237.85,33,right,237.85,ok,1,7,2,1,,,1,10,150
19587,game,3,,,0,1,,,21,2,,,33,,,ok,1,8,2,1,,,1,10,150
19588,game,3,,,0,1,,,21,2,,,33,,,ok,1,8,2,1,,,1,10,150
19606,game,3,,,0,1,,,21,2,,,33,,,ok,1,8,2,1,,,1,10,150
19646,game,3,,,0,1,,,21,2,,,33,,,ok,1,9,2,1,,,1,10,150
19648,game,3,,,0,1,,,21,2,,,33,,,ok,1,10,2,1,,,1,10,150
19686,game,3,,,0,1,,,21,2,,,33,,,ok,1,11,2,1,,,1,10,150
19696,game,3,,,0,1,,,21,2,,,33,,,ok,1,12,2,1,,,1,10,150
19791,game,3,,,0,1,,,21,2,,,33,,,ok,1,13,2,1,,,1,10,150
19791,game,3,,,0,1,,,21,2,,,33,,,ok,1,13,2,1,,,1,10,150
19805,game,3,,,0,1,,,21,2,,,33,,,ok,1,14,2,1,,,1,10,150
19805,game,3,,,0,1,,,21,2,125.28,,33,,,ok,1,14,2,1,,,1,10,150
19820,game,3,,,0,1,,,21,2,125.28,,34,,,ok,1,15,2,1,,,1,10,150
19895,game,3,,,0,1,,,21,2,125.28,125.28,40,right,125.28,ok,0,0,2,1,2,2,1,10,150
19896,game,3,,,0,1,,,21,2,125.28,125.28,40,right,125.28,ok,0,0,2,1,2,2,1,10,150
19910,game,3,,,0,1,,,21,2,,125.28,40,right,125.28,ok,0,0,2,1,2,2,1,10,150
19997,game,3,,,0,1,,,21,2,,125.28,40,right,125.28,ok,0,0,2,1,2,2,1,10,150
20003,game,3,,,0,1,,,21,2,,125.28,40,right,125.28,ok,0,0,2,1,2,2,1,10,150
20008,game,3,,,0,1,,,21,2,,125.28,40,right,125.28,ok,0,0,2,1,2,2,1,10,150